n,op,kind,output,left,right,summed_axes,cost,module
1,5,mul,"N1_0.squared[B,T,D]","N1_0.centered[B,T,D]","N1_0.centered[B,T,D]",,12288,transformer.blocks.0.ln_1
2,9,mul,"N1_0.normalized[B,T,D]","N1_0.centered[B,T,D]","N1_0.rstd[B,T]",,12288,transformer.blocks.0.ln_1
3,10,mul,"N1_0.scaled[B,T,D]","N1_0.normalized[B,T,D]",g1_0[D],,12288,transformer.blocks.0.ln_1
4,12,contraction,"Hq_0.mm[B,T,QKV]","N1_0[B,T,D]","W_qkv_0[D,QKV]",D,28311552,transformer.blocks.0.attention.qkv_projection
5,26,contraction,"S_0.qk[B,H,q,k]","Q_0[B,H,q,Dh]","K_0[B,H,k,Dh]",Dh,98304,transformer.blocks.0.attention
6,35,contraction,"C_0[B,H,q,Dh]","A_0[B,H,q,k]","V_0[B,H,k,Dh]",k,98304,transformer.blocks.0.attention
7,39,contraction,"O_0.mm[B,T,D]","C_0.merged[B,T,Dc]","W_o_0[Dc,D]",Dc,9437184,transformer.blocks.0.attention.output_projection
8,44,mul,"N2_0.squared[B,T,D]","N2_0.centered[B,T,D]","N2_0.centered[B,T,D]",,12288,transformer.blocks.0.ln_2
9,48,mul,"N2_0.normalized[B,T,D]","N2_0.centered[B,T,D]","N2_0.rstd[B,T]",,12288,transformer.blocks.0.ln_2
10,49,mul,"N2_0.scaled[B,T,D]","N2_0.normalized[B,T,D]",g2_0[D],,12288,transformer.blocks.0.ln_2
11,51,contraction,"G_0.mm[B,T,F]","N2_0[B,T,D]","W_fc_0[D,F]",D,37748736,transformer.blocks.0.mlp.fc
12,53,mul,"Ga_0.squared[B,T,F]","G_0[B,T,F]","G_0[B,T,F]",,49152,transformer.blocks.0.mlp.activation
13,54,mul,"Ga_0.cubic[B,T,F]","Ga_0.squared[B,T,F]","G_0[B,T,F]",,49152,transformer.blocks.0.mlp.activation
14,55,mul,"Ga_0.cubic_a[B,T,F]","Ga_0.cubic[B,T,F]",c_gelu_a,,49152,transformer.blocks.0.mlp.activation
15,57,mul,"Ga_0.inner[B,T,F]","Ga_0.inner_sum[B,T,F]",c_gelu_b,,49152,transformer.blocks.0.mlp.activation
16,60,mul,"Ga_0.half_x[B,T,F]","G_0[B,T,F]",c_half,,49152,transformer.blocks.0.mlp.activation
17,61,mul,"Ga_0[B,T,F]","Ga_0.half_x[B,T,F]","Ga_0.one_plus[B,T,F]",,49152,transformer.blocks.0.mlp.activation
18,62,contraction,"M_0.mm[B,T,D]","Ga_0[B,T,F]","W_pr_0[F,D]",F,37748736,transformer.blocks.0.mlp.projection
19,67,mul,"N1_1.squared[B,T,D]","N1_1.centered[B,T,D]","N1_1.centered[B,T,D]",,12288,transformer.blocks.1.ln_1
20,71,mul,"N1_1.normalized[B,T,D]","N1_1.centered[B,T,D]","N1_1.rstd[B,T]",,12288,transformer.blocks.1.ln_1
21,72,mul,"N1_1.scaled[B,T,D]","N1_1.normalized[B,T,D]",g1_1[D],,12288,transformer.blocks.1.ln_1
22,74,contraction,"Hq_1.mm[B,T,QKV]","N1_1[B,T,D]","W_qkv_1[D,QKV]",D,28311552,transformer.blocks.1.attention.qkv_projection
23,88,contraction,"S_1.qk[B,H,q,k]","Q_1[B,H,q,Dh]","K_1[B,H,k,Dh]",Dh,98304,transformer.blocks.1.attention
24,97,contraction,"C_1[B,H,q,Dh]","A_1[B,H,q,k]","V_1[B,H,k,Dh]",k,98304,transformer.blocks.1.attention
25,101,contraction,"O_1.mm[B,T,D]","C_1.merged[B,T,Dc]","W_o_1[Dc,D]",Dc,9437184,transformer.blocks.1.attention.output_projection
26,106,mul,"N2_1.squared[B,T,D]","N2_1.centered[B,T,D]","N2_1.centered[B,T,D]",,12288,transformer.blocks.1.ln_2
27,110,mul,"N2_1.normalized[B,T,D]","N2_1.centered[B,T,D]","N2_1.rstd[B,T]",,12288,transformer.blocks.1.ln_2
28,111,mul,"N2_1.scaled[B,T,D]","N2_1.normalized[B,T,D]",g2_1[D],,12288,transformer.blocks.1.ln_2
29,113,contraction,"G_1.mm[B,T,F]","N2_1[B,T,D]","W_fc_1[D,F]",D,37748736,transformer.blocks.1.mlp.fc
30,115,mul,"Ga_1.squared[B,T,F]","G_1[B,T,F]","G_1[B,T,F]",,49152,transformer.blocks.1.mlp.activation
31,116,mul,"Ga_1.cubic[B,T,F]","Ga_1.squared[B,T,F]","G_1[B,T,F]",,49152,transformer.blocks.1.mlp.activation
32,117,mul,"Ga_1.cubic_a[B,T,F]","Ga_1.cubic[B,T,F]",c_gelu_a,,49152,transformer.blocks.1.mlp.activation
33,119,mul,"Ga_1.inner[B,T,F]","Ga_1.inner_sum[B,T,F]",c_gelu_b,,49152,transformer.blocks.1.mlp.activation
34,122,mul,"Ga_1.half_x[B,T,F]","G_1[B,T,F]",c_half,,49152,transformer.blocks.1.mlp.activation
35,123,mul,"Ga_1[B,T,F]","Ga_1.half_x[B,T,F]","Ga_1.one_plus[B,T,F]",,49152,transformer.blocks.1.mlp.activation
36,124,contraction,"M_1.mm[B,T,D]","Ga_1[B,T,F]","W_pr_1[F,D]",F,37748736,transformer.blocks.1.mlp.projection
37,129,mul,"N1_2.squared[B,T,D]","N1_2.centered[B,T,D]","N1_2.centered[B,T,D]",,12288,transformer.blocks.2.ln_1
38,133,mul,"N1_2.normalized[B,T,D]","N1_2.centered[B,T,D]","N1_2.rstd[B,T]",,12288,transformer.blocks.2.ln_1
39,134,mul,"N1_2.scaled[B,T,D]","N1_2.normalized[B,T,D]",g1_2[D],,12288,transformer.blocks.2.ln_1
40,136,contraction,"Hq_2.mm[B,T,QKV]","N1_2[B,T,D]","W_qkv_2[D,QKV]",D,28311552,transformer.blocks.2.attention.qkv_projection
41,150,contraction,"S_2.qk[B,H,q,k]","Q_2[B,H,q,Dh]","K_2[B,H,k,Dh]",Dh,98304,transformer.blocks.2.attention
42,159,contraction,"C_2[B,H,q,Dh]","A_2[B,H,q,k]","V_2[B,H,k,Dh]",k,98304,transformer.blocks.2.attention
43,163,contraction,"O_2.mm[B,T,D]","C_2.merged[B,T,Dc]","W_o_2[Dc,D]",Dc,9437184,transformer.blocks.2.attention.output_projection
44,168,mul,"N2_2.squared[B,T,D]","N2_2.centered[B,T,D]","N2_2.centered[B,T,D]",,12288,transformer.blocks.2.ln_2
45,172,mul,"N2_2.normalized[B,T,D]","N2_2.centered[B,T,D]","N2_2.rstd[B,T]",,12288,transformer.blocks.2.ln_2
46,173,mul,"N2_2.scaled[B,T,D]","N2_2.normalized[B,T,D]",g2_2[D],,12288,transformer.blocks.2.ln_2
47,175,contraction,"G_2.mm[B,T,F]","N2_2[B,T,D]","W_fc_2[D,F]",D,37748736,transformer.blocks.2.mlp.fc
48,177,mul,"Ga_2.squared[B,T,F]","G_2[B,T,F]","G_2[B,T,F]",,49152,transformer.blocks.2.mlp.activation
49,178,mul,"Ga_2.cubic[B,T,F]","Ga_2.squared[B,T,F]","G_2[B,T,F]",,49152,transformer.blocks.2.mlp.activation
50,179,mul,"Ga_2.cubic_a[B,T,F]","Ga_2.cubic[B,T,F]",c_gelu_a,,49152,transformer.blocks.2.mlp.activation
51,181,mul,"Ga_2.inner[B,T,F]","Ga_2.inner_sum[B,T,F]",c_gelu_b,,49152,transformer.blocks.2.mlp.activation
52,184,mul,"Ga_2.half_x[B,T,F]","G_2[B,T,F]",c_half,,49152,transformer.blocks.2.mlp.activation
53,185,mul,"Ga_2[B,T,F]","Ga_2.half_x[B,T,F]","Ga_2.one_plus[B,T,F]",,49152,transformer.blocks.2.mlp.activation
54,186,contraction,"M_2.mm[B,T,D]","Ga_2[B,T,F]","W_pr_2[F,D]",F,37748736,transformer.blocks.2.mlp.projection
55,191,mul,"N1_3.squared[B,T,D]","N1_3.centered[B,T,D]","N1_3.centered[B,T,D]",,12288,transformer.blocks.3.ln_1
56,195,mul,"N1_3.normalized[B,T,D]","N1_3.centered[B,T,D]","N1_3.rstd[B,T]",,12288,transformer.blocks.3.ln_1
57,196,mul,"N1_3.scaled[B,T,D]","N1_3.normalized[B,T,D]",g1_3[D],,12288,transformer.blocks.3.ln_1
58,198,contraction,"Hq_3.mm[B,T,QKV]","N1_3[B,T,D]","W_qkv_3[D,QKV]",D,28311552,transformer.blocks.3.attention.qkv_projection
59,212,contraction,"S_3.qk[B,H,q,k]","Q_3[B,H,q,Dh]","K_3[B,H,k,Dh]",Dh,98304,transformer.blocks.3.attention
60,221,contraction,"C_3[B,H,q,Dh]","A_3[B,H,q,k]","V_3[B,H,k,Dh]",k,98304,transformer.blocks.3.attention
61,225,contraction,"O_3.mm[B,T,D]","C_3.merged[B,T,Dc]","W_o_3[Dc,D]",Dc,9437184,transformer.blocks.3.attention.output_projection
62,230,mul,"N2_3.squared[B,T,D]","N2_3.centered[B,T,D]","N2_3.centered[B,T,D]",,12288,transformer.blocks.3.ln_2
63,234,mul,"N2_3.normalized[B,T,D]","N2_3.centered[B,T,D]","N2_3.rstd[B,T]",,12288,transformer.blocks.3.ln_2
64,235,mul,"N2_3.scaled[B,T,D]","N2_3.normalized[B,T,D]",g2_3[D],,12288,transformer.blocks.3.ln_2
65,237,contraction,"G_3.mm[B,T,F]","N2_3[B,T,D]","W_fc_3[D,F]",D,37748736,transformer.blocks.3.mlp.fc
66,239,mul,"Ga_3.squared[B,T,F]","G_3[B,T,F]","G_3[B,T,F]",,49152,transformer.blocks.3.mlp.activation
67,240,mul,"Ga_3.cubic[B,T,F]","Ga_3.squared[B,T,F]","G_3[B,T,F]",,49152,transformer.blocks.3.mlp.activation
68,241,mul,"Ga_3.cubic_a[B,T,F]","Ga_3.cubic[B,T,F]",c_gelu_a,,49152,transformer.blocks.3.mlp.activation
69,243,mul,"Ga_3.inner[B,T,F]","Ga_3.inner_sum[B,T,F]",c_gelu_b,,49152,transformer.blocks.3.mlp.activation
70,246,mul,"Ga_3.half_x[B,T,F]","G_3[B,T,F]",c_half,,49152,transformer.blocks.3.mlp.activation
71,247,mul,"Ga_3[B,T,F]","Ga_3.half_x[B,T,F]","Ga_3.one_plus[B,T,F]",,49152,transformer.blocks.3.mlp.activation
72,248,contraction,"M_3.mm[B,T,D]","Ga_3[B,T,F]","W_pr_3[F,D]",F,37748736,transformer.blocks.3.mlp.projection
73,253,mul,"N1_4.squared[B,T,D]","N1_4.centered[B,T,D]","N1_4.centered[B,T,D]",,12288,transformer.blocks.4.ln_1
74,257,mul,"N1_4.normalized[B,T,D]","N1_4.centered[B,T,D]","N1_4.rstd[B,T]",,12288,transformer.blocks.4.ln_1
75,258,mul,"N1_4.scaled[B,T,D]","N1_4.normalized[B,T,D]",g1_4[D],,12288,transformer.blocks.4.ln_1
76,260,contraction,"Hq_4.mm[B,T,QKV]","N1_4[B,T,D]","W_qkv_4[D,QKV]",D,28311552,transformer.blocks.4.attention.qkv_projection
77,274,contraction,"S_4.qk[B,H,q,k]","Q_4[B,H,q,Dh]","K_4[B,H,k,Dh]",Dh,98304,transformer.blocks.4.attention
78,283,contraction,"C_4[B,H,q,Dh]","A_4[B,H,q,k]","V_4[B,H,k,Dh]",k,98304,transformer.blocks.4.attention
79,287,contraction,"O_4.mm[B,T,D]","C_4.merged[B,T,Dc]","W_o_4[Dc,D]",Dc,9437184,transformer.blocks.4.attention.output_projection
80,292,mul,"N2_4.squared[B,T,D]","N2_4.centered[B,T,D]","N2_4.centered[B,T,D]",,12288,transformer.blocks.4.ln_2
81,296,mul,"N2_4.normalized[B,T,D]","N2_4.centered[B,T,D]","N2_4.rstd[B,T]",,12288,transformer.blocks.4.ln_2
82,297,mul,"N2_4.scaled[B,T,D]","N2_4.normalized[B,T,D]",g2_4[D],,12288,transformer.blocks.4.ln_2
83,299,contraction,"G_4.mm[B,T,F]","N2_4[B,T,D]","W_fc_4[D,F]",D,37748736,transformer.blocks.4.mlp.fc
84,301,mul,"Ga_4.squared[B,T,F]","G_4[B,T,F]","G_4[B,T,F]",,49152,transformer.blocks.4.mlp.activation
85,302,mul,"Ga_4.cubic[B,T,F]","Ga_4.squared[B,T,F]","G_4[B,T,F]",,49152,transformer.blocks.4.mlp.activation
86,303,mul,"Ga_4.cubic_a[B,T,F]","Ga_4.cubic[B,T,F]",c_gelu_a,,49152,transformer.blocks.4.mlp.activation
87,305,mul,"Ga_4.inner[B,T,F]","Ga_4.inner_sum[B,T,F]",c_gelu_b,,49152,transformer.blocks.4.mlp.activation
88,308,mul,"Ga_4.half_x[B,T,F]","G_4[B,T,F]",c_half,,49152,transformer.blocks.4.mlp.activation
89,309,mul,"Ga_4[B,T,F]","Ga_4.half_x[B,T,F]","Ga_4.one_plus[B,T,F]",,49152,transformer.blocks.4.mlp.activation
90,310,contraction,"M_4.mm[B,T,D]","Ga_4[B,T,F]","W_pr_4[F,D]",F,37748736,transformer.blocks.4.mlp.projection
91,315,mul,"N1_5.squared[B,T,D]","N1_5.centered[B,T,D]","N1_5.centered[B,T,D]",,12288,transformer.blocks.5.ln_1
92,319,mul,"N1_5.normalized[B,T,D]","N1_5.centered[B,T,D]","N1_5.rstd[B,T]",,12288,transformer.blocks.5.ln_1
93,320,mul,"N1_5.scaled[B,T,D]","N1_5.normalized[B,T,D]",g1_5[D],,12288,transformer.blocks.5.ln_1
94,322,contraction,"Hq_5.mm[B,T,QKV]","N1_5[B,T,D]","W_qkv_5[D,QKV]",D,28311552,transformer.blocks.5.attention.qkv_projection
95,336,contraction,"S_5.qk[B,H,q,k]","Q_5[B,H,q,Dh]","K_5[B,H,k,Dh]",Dh,98304,transformer.blocks.5.attention
96,345,contraction,"C_5[B,H,q,Dh]","A_5[B,H,q,k]","V_5[B,H,k,Dh]",k,98304,transformer.blocks.5.attention
97,349,contraction,"O_5.mm[B,T,D]","C_5.merged[B,T,Dc]","W_o_5[Dc,D]",Dc,9437184,transformer.blocks.5.attention.output_projection
98,354,mul,"N2_5.squared[B,T,D]","N2_5.centered[B,T,D]","N2_5.centered[B,T,D]",,12288,transformer.blocks.5.ln_2
99,358,mul,"N2_5.normalized[B,T,D]","N2_5.centered[B,T,D]","N2_5.rstd[B,T]",,12288,transformer.blocks.5.ln_2
100,359,mul,"N2_5.scaled[B,T,D]","N2_5.normalized[B,T,D]",g2_5[D],,12288,transformer.blocks.5.ln_2
101,361,contraction,"G_5.mm[B,T,F]","N2_5[B,T,D]","W_fc_5[D,F]",D,37748736,transformer.blocks.5.mlp.fc
102,363,mul,"Ga_5.squared[B,T,F]","G_5[B,T,F]","G_5[B,T,F]",,49152,transformer.blocks.5.mlp.activation
103,364,mul,"Ga_5.cubic[B,T,F]","Ga_5.squared[B,T,F]","G_5[B,T,F]",,49152,transformer.blocks.5.mlp.activation
104,365,mul,"Ga_5.cubic_a[B,T,F]","Ga_5.cubic[B,T,F]",c_gelu_a,,49152,transformer.blocks.5.mlp.activation
105,367,mul,"Ga_5.inner[B,T,F]","Ga_5.inner_sum[B,T,F]",c_gelu_b,,49152,transformer.blocks.5.mlp.activation
106,370,mul,"Ga_5.half_x[B,T,F]","G_5[B,T,F]",c_half,,49152,transformer.blocks.5.mlp.activation
107,371,mul,"Ga_5[B,T,F]","Ga_5.half_x[B,T,F]","Ga_5.one_plus[B,T,F]",,49152,transformer.blocks.5.mlp.activation
108,372,contraction,"M_5.mm[B,T,D]","Ga_5[B,T,F]","W_pr_5[F,D]",F,37748736,transformer.blocks.5.mlp.projection
109,377,mul,"Xf.squared[B,T,D]","Xf.centered[B,T,D]","Xf.centered[B,T,D]",,12288,transformer.final_layer_norm
110,381,mul,"Xf.normalized[B,T,D]","Xf.centered[B,T,D]","Xf.rstd[B,T]",,12288,transformer.final_layer_norm
111,382,mul,"Xf.scaled[B,T,D]","Xf.normalized[B,T,D]",gf[D],,12288,transformer.final_layer_norm
112,384,contraction,"L[B,T,V]","Xf[B,T,D]","E[V,D]",D,617558016,lm_head
